{
  "view/MasterEmployee.view.xml": 1621883164086,
  "controller/OrderDetails.controller.js": 1622375160343,
  "model/json/Employees.json": 1622375026066,
  "model/json/Countries.json": 1622375160359,
  "manifest.json": 1622375515858,
  "model/models.js": 1621605166134,
  "model/formatter.js": 1621905052951,
  "model/json/Layout.json": 1622375025087,
  "controller/MasterEmployee.controller.js": 1622336782280,
  "controller/Main.controller.js": 1622375160363,
  "controller/EmployeeDetails.controller.js": 1622241609345,
  "controller/Base.controller.js": 1622336782348,
  "controller/App.controller.js": 1622198888656,
  "Control/Signature.js": 1622375160351,
  "Component.js": 1622153022783,
  "manifest-bundle.zip": 1622375515373,
  "Component-preload.js": 1622375515747,
  "controller/Main-dbg.controller.js": 1622375160363,
  "model/formatter-dbg.js": 1621905052951,
  "controller/OrderDetails-dbg.controller.js": 1622375160343,
  "controller/MasterEmployee-dbg.controller.js": 1622336782280,
  "model/models-dbg.js": 1621605166134,
  "controller/EmployeeDetails-dbg.controller.js": 1622241609345,
  "controller/Base-dbg.controller.js": 1622336782348,
  "controller/App-dbg.controller.js": 1622198888656,
  "Control/Signature-dbg.js": 1622375160351,
  "Component-dbg.js": 1622153022783,
  "resources.json": 1622375515863,
  "view/OrderDetails.view.xml": 1622375160343,
  "i18n/i18n.properties": 1622336782356,
  "view/Main.view.xml": 1622241609369,
  "view/EmployeeDetails.view.xml": 1622241609369,
  "view/App.view.xml": 1622153022803,
  "fragment/TableOrders.fragment.xml": 1622153022795,
  "fragment/TableEmployee.fragment.xml": 1621975519436,
  "fragment/NewIncidence.fragment.xml": 1622107677307,
  "fragment/DialogOrders.fragment.xml": 1622111718378,
  "css/style.css": 1621862617159,
  "index.html": 1622198888660
}